{
  "assetsByChunkName": {
    "vendors~app-account~app-confirmation~app-order": "chunk.e805415d07a134b807e2.js",
    "vendors~app-account~app-checkout": "chunk.a3caf8b4d1fa60ba9d7b.js",
    "vendors~app-cart~app-checkout": "chunk.73baddc5841ac580bd4a.js",
    "admin": [
      "admin.5baa11ea2d3b6d92506a.js",
      "admin.5baa11ea2d3b6d92506a.js.map"
    ],
    "app-account": "chunk.8feeb3be3d37adcd6418.js",
    "app-checkout": "chunk.a187853b5afda13ce574.js",
    "app-confirmation": "chunk.ca553c9000020094c0eb.js",
    "checkout": [
      "checkout.a088a737777d749e8ee3.js",
      "checkout.a088a737777d749e8ee3.js.map"
    ],
    "storefront": [
      "storefront.77071c9bd6dc0180ce31.css",
      "storefront.85faca739f118b2d7452.js",
      "storefront.77071c9bd6dc0180ce31.css.map",
      "storefront.85faca739f118b2d7452.js.map"
    ],
    "vendors~app-cart": "chunk.25ffa304bae6b05b9578.js",
    "vendors~app-order": "chunk.35753600f0c9a65e3b75.js"
  }
}