{
  "description": {
    "title": "Tendas Robust",
    "text": "As Tendas Robust são as mais resistentes tendas dobráveis do Brasil, resultado de vários anos de trabalho para desenvolver um produto inovador, centrado em criar soluções para tendas portáteis, robustas e de qualidade profissional."
  },
  "links_1": {
    "list_pages": true,
    "title": "Páginas",
    "list": []
  },
  "links_2": {
    "list_categories": true,
    "title": "Categorias",
    "list": []
  },
  "contacts": {
    "title": "Contatos",
    "phone_wpp": true,
    "socials": true,
    "email": true,
    "address": true
  },
  "stamps": [
    {
      "src": "/img/uploads/ssl-safe.png",
      "alt": "Secure connection"
    }
  ],
  "payment_methods": {
    "bb": true,
    "visa": true,
    "boleto": true,
    "aura": false,
    "banrisul": false,
    "elo": true,
    "hipercard": false,
    "hsbc": false,
    "bradesco": true,
    "santander": false,
    "mastercard": true,
    "citibank": false,
    "mais": false,
    "itau": true
  },
  "credits": ""
}